{"cameraMode":{"drawMode":0,"name":"Shaded","section":"Shading Mode"},"sceneLighting":false,"audioPlay":false,"sceneViewState":{"showFog":true,"showMaterialUpdate":false,"showSkybox":true,"showFlares":true,"showImageEffects":true,"showParticleSystems":true},"in2DMode":false,"pivot":{"x":0.03497886657714844,"y":7.295347213745117,"z":1.378063440322876},"rotation":{"x":7.540121416127477e-9,"y":-0.6899340152740479,"z":-4.92786433881065e-9,"w":0.7238724231719971},"size":27.30508041381836,"orthographic":false}