{"cameraMode":{"drawMode":0,"name":"Shaded","section":"Shading Mode"},"sceneLighting":false,"audioPlay":false,"sceneViewState":{"showFog":true,"showMaterialUpdate":false,"showSkybox":true,"showFlares":true,"showImageEffects":true,"showParticleSystems":true},"in2DMode":false,"pivot":{"x":-19.348907470703126,"y":2.9620823860168459,"z":-0.2966475188732147},"rotation":{"x":0.19870680570602418,"y":-0.7504053711891174,"z":0.25955066084861758,"w":0.574496328830719},"size":1.503222942352295,"orthographic":false}