{"cameraMode":{"drawMode":0,"name":"Shaded","section":"Shading Mode"},"sceneLighting":false,"audioPlay":false,"sceneViewState":{"showFog":true,"showMaterialUpdate":false,"showSkybox":true,"showFlares":true,"showImageEffects":true,"showParticleSystems":true},"in2DMode":false,"pivot":{"x":0.0,"y":1.2869997024536133,"z":-0.4829998016357422},"rotation":{"x":-0.0010574496118351818,"y":-0.7092235088348389,"z":-0.0010638382518664003,"w":0.7049811482429504},"size":40.010372161865237,"orthographic":true}