{"cameraMode":{"drawMode":0,"name":"Shaded","section":"Shading Mode"},"sceneLighting":false,"audioPlay":false,"sceneViewState":{"showFog":true,"showMaterialUpdate":false,"showSkybox":false,"showFlares":true,"showImageEffects":true,"showParticleSystems":true},"in2DMode":false,"pivot":{"x":-26.737789154052736,"y":249.75381469726563,"z":404.1349792480469},"rotation":{"x":-0.1162523701786995,"y":-0.09014568477869034,"z":0.01059561688452959,"w":-0.9890758991241455},"size":3.0571060180664064,"orthographic":false}