{"cameraMode":{"drawMode":0,"name":"Shaded","section":"Shading Mode"},"sceneLighting":false,"audioPlay":false,"sceneViewState":{"showFog":true,"showMaterialUpdate":false,"showSkybox":true,"showFlares":true,"showImageEffects":true,"showParticleSystems":true},"in2DMode":false,"pivot":{"x":-0.30525636672973635,"y":0.7499933242797852,"z":2.6599769592285158},"rotation":{"x":-1.367207858038455e-8,"y":-0.7081661224365234,"z":1.4075614451769525e-8,"w":0.7060449123382568},"size":40.010372161865237,"orthographic":true}