{"cameraMode":{"drawMode":0,"name":"Shaded","section":"Shading Mode"},"sceneLighting":false,"audioPlay":false,"sceneViewState":{"showFog":true,"showMaterialUpdate":false,"showSkybox":false,"showFlares":true,"showImageEffects":true,"showParticleSystems":true},"in2DMode":false,"pivot":{"x":0.0,"y":-0.013000011444091797,"z":0.25299978256225588},"rotation":{"x":-1.367207858038455e-8,"y":-0.7081661224365234,"z":1.4075614451769525e-8,"w":0.7060449123382568},"size":40.010372161865237,"orthographic":true}